{
    "providers": [
        {
            "type": "space",
            "advances": {
                "\uE000": -1,
                "\uE001": -2,
                "\uE002": -3,
                "\uE003": -4,
                "\uE004": -5,
                "\uE005": -6,
                "\uE006": -7,
                "\uE007": -8,
                "\uE008": -9,
                "\uE009": -10,
                "\uE00A": -11,
                "\uE00B": -12,
                "\uE00C": -13,
                "\uE00D": -14,
                "\uE00E": -15,
                "\uE00F": -16,
                "\uE010": -17,
                "\uE011": -18,
                "\uE012": -19,
                "\uE013": -20,
                "\uE014": -21,
                "\uE015": -22,
                "\uE016": -23,
                "\uE017": -24,
                "\uE018": -25,
                "\uE019": -26,
                "\uE01A": -27,
                "\uE01B": -28,
                "\uE01C": -29,
                "\uE01D": -30,
                "\uE01E": -31,
                "\uE01F": -32,
                "\uE020": -33,
                "\uE021": -34,
                "\uE022": -35,
                "\uE023": -36,
                "\uE024": -37,
                "\uE025": -38,
                "\uE026": -39,
                "\uE027": -40,
                "\uE028": -41,
                "\uE029": -42,
                "\uE02A": -43,
                "\uE02B": -44,
                "\uE02C": -45,
                "\uE02D": -46,
                "\uE02E": -47,
                "\uE02F": -48,
                "\uE030": -49,
                "\uE031": -50,
                "\uE032": -51,
                "\uE033": -52,
                "\uE034": -53,
                "\uE035": -54,
                "\uE036": -55,
                "\uE037": -56,
                "\uE038": -57,
                "\uE039": -58,
                "\uE03A": -59,
                "\uE03B": -60,
                "\uE03C": -61,
                "\uE03D": -62,
                "\uE03E": -63,
                "\uE03F": -64,
                "\uE040": -65,
                "\uE041": -66,
                "\uE042": -67,
                "\uE043": -68,
                "\uE044": -69,
                "\uE045": -70,
                "\uE046": -71,
                "\uE047": -72,
                "\uE048": -73,
                "\uE049": -74,
                "\uE04A": -75,
                "\uE04B": -76,
                "\uE04C": -77,
                "\uE04D": -78,
                "\uE04E": -79,
                "\uE04F": -80,
                "\uE050": -81,
                "\uE051": -82,
                "\uE052": -83,
                "\uE053": -84,
                "\uE054": -85,
                "\uE055": -86,
                "\uE056": -87,
                "\uE057": -88,
                "\uE058": -89,
                "\uE059": -90,
                "\uE05A": -91,
                "\uE05B": -92,
                "\uE05C": -93,
                "\uE05D": -94,
                "\uE05E": -95,
                "\uE05F": -96,
                "\uE060": -97,
                "\uE061": -98,
                "\uE062": -99,
                "\uE063": -100,
                "\uE064": -101,
                "\uE065": -102,
                "\uE066": -103,
                "\uE067": -104,
                "\uE068": -105,
                "\uE069": -106,
                "\uE06A": -107,
                "\uE06B": -108,
                "\uE06C": -109,
                "\uE06D": -110,
                "\uE06E": -111,
                "\uE06F": -112,
                "\uE070": -113,
                "\uE071": -114,
                "\uE072": -115,
                "\uE073": -116,
                "\uE074": -117,
                "\uE075": -118,
                "\uE076": -119,
                "\uE077": -120,
                "\uE078": -121,
                "\uE079": -122,
                "\uE07A": -123,
                "\uE07B": -124,
                "\uE07C": -125,
                "\uE07D": -126,
                "\uE07E": -127,
                "\uE07F": -128,
                "\uE080": -129,
                "\uE081": -130,
                "\uE082": -131,
                "\uE083": -132,
                "\uE084": -133,
                "\uE085": -134,
                "\uE086": -135,
                "\uE087": -136,
                "\uE088": -137,
                "\uE089": -138,
                "\uE08A": -139,
                "\uE08B": -140,
                "\uE08C": -141,
                "\uE08D": -142,
                "\uE08E": -143,
                "\uE08F": -144,
                "\uE090": -145,
                "\uE091": -146,
                "\uE092": -147,
                "\uE093": -148,
                "\uE094": -149,
                "\uE095": -150,
                "\uE096": -151,
                "\uE097": -152,
                "\uE098": -153,
                "\uE099": -154,
                "\uE09A": -155,
                "\uE09B": -156,
                "\uE09C": -157,
                "\uE09D": -158,
                "\uE09E": -159,
                "\uE09F": -160,
                "\uE0A0": -161,
                "\uE0A1": -162,
                "\uE0A2": -163,
                "\uE0A3": -164,
                "\uE0A4": -165,
                "\uE0A5": -166,
                "\uE0A6": -167,
                "\uE0A7": -168,
                "\uE0A8": -169,
                "\uE0A9": -170,
                "\uE0AA": -171,
                "\uE0AB": -172,
                "\uE0AC": -173,
                "\uE0AD": -174,
                "\uE0AE": -175,
                "\uE0AF": -176,
                "\uE0B0": -177,
                "\uE0B1": -178,
                "\uE0B2": -179,
                "\uE0B3": -180,
                "\uE0B4": -181,
                "\uE0B5": -182,
                "\uE0B6": -183,
                "\uE0B7": -184,
                "\uE0B8": -185,
                "\uE0B9": -186,
                "\uE0BA": -187,
                "\uE0BB": -188,
                "\uE0BC": -189,
                "\uE0BD": -190,
                "\uE0BE": -191,
                "\uE0BF": -192,
                "\uE0C0": -193,
                "\uE0C1": -194,
                "\uE0C2": -195,
                "\uE0C3": -196,
                "\uE0C4": -197,
                "\uE0C5": -198,
                "\uE0C6": -199,
                "\uE0C7": -200,
                "\uE0C8": -201,
                "\uE0C9": -202,
                "\uE0CA": -203,
                "\uE0CB": -204,
                "\uE0CC": -205,
                "\uE0CD": -206,
                "\uE0CE": -207,
                "\uE0CF": -208,
                "\uE0D0": -209,
                "\uE0D1": -210,
                "\uE0D2": -211,
                "\uE0D3": -212,
                "\uE0D4": -213,
                "\uE0D5": -214,
                "\uE0D6": -215,
                "\uE0D7": -216,
                "\uE0D8": -217,
                "\uE0D9": -218,
                "\uE0DA": -219,
                "\uE0DB": -220,
                "\uE0DC": -221,
                "\uE0DD": -222,
                "\uE0DE": -223,
                "\uE0DF": -224,
                "\uE0E0": -225,
                "\uE0E1": -226,
                "\uE0E2": -227,
                "\uE0E3": -228,
                "\uE0E4": -229,
                "\uE0E5": -230,
                "\uE0E6": -231,
                "\uE0E7": -232,
                "\uE0E8": -233,
                "\uE0E9": -234,
                "\uE0EA": -235,
                "\uE0EB": -236,
                "\uE0EC": -237,
                "\uE0ED": -238,
                "\uE0EE": -239,
                "\uE0EF": -240,
                "\uE0F0": -241,
                "\uE0F1": -242,
                "\uE0F2": -243,
                "\uE0F3": -244,
                "\uE0F4": -245,
                "\uE0F5": -246,
                "\uE0F6": -247,
                "\uE0F7": -248,
                "\uE0F8": -249,
                "\uE0F9": -250,
                "\uE0FA": -251,
                "\uE0FB": -252,
                "\uE0FC": -253,
                "\uE0FD": -254,
                "\uE0FE": -255,
                "\uE0FF": -256,
                "\uE100": 1,
                "\uE101": 2,
                "\uE102": 3,
                "\uE103": 4,
                "\uE104": 5,
                "\uE105": 6,
                "\uE106": 7,
                "\uE107": 8,
                "\uE108": 9,
                "\uE109": 10,
                "\uE10A": 11,
                "\uE10B": 12,
                "\uE10C": 13,
                "\uE10D": 14,
                "\uE10E": 15,
                "\uE10F": 16,
                "\uE110": 17,
                "\uE111": 18,
                "\uE112": 19,
                "\uE113": 20,
                "\uE114": 21,
                "\uE115": 22,
                "\uE116": 23,
                "\uE117": 24,
                "\uE118": 25,
                "\uE119": 26,
                "\uE11A": 27,
                "\uE11B": 28,
                "\uE11C": 29,
                "\uE11D": 30,
                "\uE11E": 31,
                "\uE11F": 32,
                "\uE120": 33,
                "\uE121": 34,
                "\uE122": 35,
                "\uE123": 36,
                "\uE124": 37,
                "\uE125": 38,
                "\uE126": 39,
                "\uE127": 40,
                "\uE128": 41,
                "\uE129": 42,
                "\uE12A": 43,
                "\uE12B": 44,
                "\uE12C": 45,
                "\uE12D": 46,
                "\uE12E": 47,
                "\uE12F": 48,
                "\uE130": 49,
                "\uE131": 50,
                "\uE132": 51,
                "\uE133": 52,
                "\uE134": 53,
                "\uE135": 54,
                "\uE136": 55,
                "\uE137": 56,
                "\uE138": 57,
                "\uE139": 58,
                "\uE13A": 59,
                "\uE13B": 60,
                "\uE13C": 61,
                "\uE13D": 62,
                "\uE13E": 63,
                "\uE13F": 64,
                "\uE140": 65,
                "\uE141": 66,
                "\uE142": 67,
                "\uE143": 68,
                "\uE144": 69,
                "\uE145": 70,
                "\uE146": 71,
                "\uE147": 72,
                "\uE148": 73,
                "\uE149": 74,
                "\uE14A": 75,
                "\uE14B": 76,
                "\uE14C": 77,
                "\uE14D": 78,
                "\uE14E": 79,
                "\uE14F": 80,
                "\uE150": 81,
                "\uE151": 82,
                "\uE152": 83,
                "\uE153": 84,
                "\uE154": 85,
                "\uE155": 86,
                "\uE156": 87,
                "\uE157": 88,
                "\uE158": 89,
                "\uE159": 90,
                "\uE15A": 91,
                "\uE15B": 92,
                "\uE15C": 93,
                "\uE15D": 94,
                "\uE15E": 95,
                "\uE15F": 96,
                "\uE160": 97,
                "\uE161": 98,
                "\uE162": 99,
                "\uE163": 100,
                "\uE164": 101,
                "\uE165": 102,
                "\uE166": 103,
                "\uE167": 104,
                "\uE168": 105,
                "\uE169": 106,
                "\uE16A": 107,
                "\uE16B": 108,
                "\uE16C": 109,
                "\uE16D": 110,
                "\uE16E": 111,
                "\uE16F": 112,
                "\uE170": 113,
                "\uE171": 114,
                "\uE172": 115,
                "\uE173": 116,
                "\uE174": 117,
                "\uE175": 118,
                "\uE176": 119,
                "\uE177": 120,
                "\uE178": 121,
                "\uE179": 122,
                "\uE17A": 123,
                "\uE17B": 124,
                "\uE17C": 125,
                "\uE17D": 126,
                "\uE17E": 127,
                "\uE17F": 128,
                "\uE180": 129,
                "\uE181": 130,
                "\uE182": 131,
                "\uE183": 132,
                "\uE184": 133,
                "\uE185": 134,
                "\uE186": 135,
                "\uE187": 136,
                "\uE188": 137,
                "\uE189": 138,
                "\uE18A": 139,
                "\uE18B": 140,
                "\uE18C": 141,
                "\uE18D": 142,
                "\uE18E": 143,
                "\uE18F": 144,
                "\uE190": 145,
                "\uE191": 146,
                "\uE192": 147,
                "\uE193": 148,
                "\uE194": 149,
                "\uE195": 150,
                "\uE196": 151,
                "\uE197": 152,
                "\uE198": 153,
                "\uE199": 154,
                "\uE19A": 155,
                "\uE19B": 156,
                "\uE19C": 157,
                "\uE19D": 158,
                "\uE19E": 159,
                "\uE19F": 160,
                "\uE1A0": 161,
                "\uE1A1": 162,
                "\uE1A2": 163,
                "\uE1A3": 164,
                "\uE1A4": 165,
                "\uE1A5": 166,
                "\uE1A6": 167,
                "\uE1A7": 168,
                "\uE1A8": 169,
                "\uE1A9": 170,
                "\uE1AA": 171,
                "\uE1AB": 172,
                "\uE1AC": 173,
                "\uE1AD": 174,
                "\uE1AE": 175,
                "\uE1AF": 176,
                "\uE1B0": 177,
                "\uE1B1": 178,
                "\uE1B2": 179,
                "\uE1B3": 180,
                "\uE1B4": 181,
                "\uE1B5": 182,
                "\uE1B6": 183,
                "\uE1B7": 184,
                "\uE1B8": 185,
                "\uE1B9": 186,
                "\uE1BA": 187,
                "\uE1BB": 188,
                "\uE1BC": 189,
                "\uE1BD": 190,
                "\uE1BE": 191,
                "\uE1BF": 192,
                "\uE1C0": 193,
                "\uE1C1": 194,
                "\uE1C2": 195,
                "\uE1C3": 196,
                "\uE1C4": 197,
                "\uE1C5": 198,
                "\uE1C6": 199,
                "\uE1C7": 200,
                "\uE1C8": 201,
                "\uE1C9": 202,
                "\uE1CA": 203,
                "\uE1CB": 204,
                "\uE1CC": 205,
                "\uE1CD": 206,
                "\uE1CE": 207,
                "\uE1CF": 208,
                "\uE1D0": 209,
                "\uE1D1": 210,
                "\uE1D2": 211,
                "\uE1D3": 212,
                "\uE1D4": 213,
                "\uE1D5": 214,
                "\uE1D6": 215,
                "\uE1D7": 216,
                "\uE1D8": 217,
                "\uE1D9": 218,
                "\uE1DA": 219,
                "\uE1DB": 220,
                "\uE1DC": 221,
                "\uE1DD": 222,
                "\uE1DE": 223,
                "\uE1DF": 224,
                "\uE1E0": 225,
                "\uE1E1": 226,
                "\uE1E2": 227,
                "\uE1E3": 228,
                "\uE1E4": 229,
                "\uE1E5": 230,
                "\uE1E6": 231,
                "\uE1E7": 232,
                "\uE1E8": 233,
                "\uE1E9": 234,
                "\uE1EA": 235,
                "\uE1EB": 236,
                "\uE1EC": 237,
                "\uE1ED": 238,
                "\uE1EE": 239,
                "\uE1EF": 240,
                "\uE1F0": 241,
                "\uE1F1": 242,
                "\uE1F2": 243,
                "\uE1F3": 244,
                "\uE1F4": 245,
                "\uE1F5": 246,
                "\uE1F6": 247,
                "\uE1F7": 248,
                "\uE1F8": 249,
                "\uE1F9": 250,
                "\uE1FA": 251,
                "\uE1FB": 252,
                "\uE1FC": 253,
                "\uE1FD": 254,
                "\uE1FE": 255,
                "\uE1FF": 256
            }
        },
        {
            "type": "bitmap", 
            "file": "item/runestones/rune_gui.png",
            "ascent": 13,
            "height": 256,
            "advances": -20,
            "chars": [""]
        }
    ]
}